Transaction ID,Date,Customer ID,Gender,Age,Product Category,Quantity,Price per Unit,Total Amount,Daily Percent Change
1,24-11-2023,CUST001,Male,34,Beauty,3,50,150,66.66666667
2,27-02-2023,CUST002,Female,26,Clothing,2,500,1000,400
3,13-01-2023,CUST003,Male,50,Electronics,1,30,30,-70
4,21-05-2023,CUST004,Male,37,Clothing,1,500,500,-66.66666667
5,06-05-2023,CUST005,Male,30,Beauty,2,50,100,100
6,25-04-2023,CUST006,Female,45,Beauty,1,30,30,0
7,13-03-2023,CUST007,Male,46,Clothing,2,25,50,-66.66666667
8,22-02-2023,CUST008,Male,30,Electronics,4,25,100,100
9,13-12-2023,CUST009,Male,63,Electronics,2,300,600,1100
10,07-10-2023,CUST010,Female,52,Clothing,4,50,200,-80
11,14-02-2023,CUST011,Male,23,Clothing,2,50,100,33.33333333
12,30-10-2023,CUST012,Male,35,Beauty,3,25,75,-16.66666667
13,05-08-2023,CUST013,Male,22,Electronics,3,500,1500,25
14,17-01-2023,CUST014,Male,64,Clothing,4,30,120,380
15,16-01-2023,CUST015,Female,42,Electronics,4,500,2000,0
16,17-02-2023,CUST016,Male,19,Clothing,3,500,1500,1566.666667
17,22-04-2023,CUST017,Female,27,Clothing,4,25,100,100
18,30-04-2023,CUST018,Female,47,Electronics,2,25,50,66.66666667
19,16-09-2023,CUST019,Female,62,Clothing,2,25,50,-50
20,05-11-2023,CUST020,Male,22,Clothing,3,300,900,0
21,14-01-2023,CUST021,Female,50,Beauty,1,500,500,566.6666667
22,15-10-2023,CUST022,Male,18,Clothing,2,50,100,-50
23,12-04-2023,CUST023,Female,35,Clothing,4,30,120,0
24,29-11-2023,CUST024,Female,49,Clothing,1,300,300,-80
25,26-12-2023,CUST025,Female,64,Beauty,1,50,50,-75
26,07-10-2023,CUST026,Female,28,Electronics,2,500,1000,900
27,03-08-2023,CUST027,Female,38,Beauty,2,25,50,-83.33333333
28,23-04-2023,CUST028,Female,43,Beauty,1,500,500,1900
29,18-08-2023,CUST029,Female,42,Electronics,1,30,30,-70
30,29-10-2023,CUST030,Female,39,Beauty,3,300,900,-55
31,23-05-2023,CUST031,Male,44,Electronics,4,300,1200,-40
32,04-01-2023,CUST032,Male,30,Beauty,3,30,90,-40
33,23-03-2023,CUST033,Female,50,Electronics,2,50,100,-93.33333333
34,24-12-2023,CUST034,Female,51,Clothing,3,50,150,500
35,05-08-2023,CUST035,Female,58,Beauty,3,300,900,3500
36,24-06-2023,CUST036,Male,52,Beauty,3,300,900,1700
37,23-05-2023,CUST037,Female,18,Beauty,3,25,75,-93.75
38,21-03-2023,CUST038,Male,38,Beauty,4,50,200,-66.66666667
39,21-04-2023,CUST039,Male,23,Clothing,4,30,120,60
40,22-06-2023,CUST040,Male,45,Beauty,1,50,50,-66.66666667
41,22-02-2023,CUST041,Male,34,Clothing,2,25,50,-50
42,17-02-2023,CUST042,Male,22,Clothing,3,300,900,350
43,14-07-2023,CUST043,Female,48,Clothing,1,300,300,-85
44,19-02-2023,CUST044,Female,22,Clothing,1,25,25,-97.5
45,03-07-2023,CUST045,Female,55,Electronics,1,30,30,-98
46,26-06-2023,CUST046,Female,20,Electronics,4,300,1200,3900
47,06-11-2023,CUST047,Female,40,Beauty,3,500,1500,66.66666667
48,16-05-2023,CUST048,Male,54,Electronics,3,300,900,200
49,23-01-2023,CUST049,Female,54,Electronics,2,500,1000,233.3333333
50,24-08-2023,CUST050,Female,27,Beauty,3,25,75,150
51,02-10-2023,CUST051,Male,27,Beauty,3,25,75,-75
52,05-03-2023,CUST052,Female,36,Beauty,1,300,300,150
53,13-07-2023,CUST053,Male,34,Electronics,2,50,100,233.3333333
54,10-02-2023,CUST054,Female,38,Electronics,3,500,1500,1400
55,10-10-2023,CUST055,Male,31,Beauty,4,30,120,-80
56,31-05-2023,CUST056,Female,26,Clothing,3,300,900,350
57,18-11-2023,CUST057,Female,63,Beauty,1,30,30,-98
58,13-11-2023,CUST058,Male,18,Clothing,4,300,1200,4700
59,05-07-2023,CUST059,Male,62,Clothing,1,50,50,-90
60,23-10-2023,CUST060,Male,30,Beauty,3,50,150,200
61,09-04-2023,CUST061,Male,21,Beauty,4,50,200,-83.33333333
62,27-12-2023,CUST062,Male,18,Beauty,2,50,100,233.3333333
63,05-02-2023,CUST063,Male,57,Electronics,2,25,50,-66.66666667
64,24-01-2023,CUST064,Male,49,Clothing,4,25,100,-16.66666667
65,05-12-2023,CUST065,Male,51,Electronics,4,500,2000,1233.333333
66,27-04-2023,CUST066,Female,45,Electronics,1,30,30,-85
67,29-05-2023,CUST067,Female,48,Beauty,4,300,1200,1500
68,10-02-2023,CUST068,Male,25,Electronics,1,300,300,-50
69,30-04-2023,CUST069,Female,56,Beauty,3,25,75,25
70,21-02-2023,CUST070,Female,43,Clothing,1,300,300,1100
71,14-07-2023,CUST071,Female,51,Beauty,4,25,100,0
72,23-05-2023,CUST072,Female,20,Electronics,4,500,2000,1900
73,21-08-2023,CUST073,Male,29,Electronics,3,30,90,50
74,22-11-2023,CUST074,Female,18,Beauty,4,500,2000,122.2222222
75,06-07-2023,CUST075,Male,61,Beauty,4,50,200,-60
76,25-03-2023,CUST076,Female,22,Electronics,2,50,100,-90
77,09-07-2023,CUST077,Female,47,Clothing,2,50,100,-16.66666667
78,01-07-2023,CUST078,Female,47,Clothing,3,500,1500,1400
79,18-04-2023,CUST079,Male,34,Beauty,1,300,300,500
80,10-12-2023,CUST080,Female,64,Clothing,2,30,60,-97
81,17-05-2023,CUST081,Male,40,Electronics,1,50,50,-97.5
82,26-12-2023,CUST082,Female,32,Beauty,4,50,200,-83.33333333
83,16-12-2023,CUST083,Male,54,Electronics,2,50,100,100
84,28-11-2023,CUST084,Female,38,Electronics,3,30,90,-25
85,06-02-2023,CUST085,Male,31,Clothing,3,50,150,500
86,08-11-2023,CUST086,Male,19,Beauty,3,30,90,-25
87,22-11-2023,CUST087,Female,28,Beauty,2,50,100,-95
88,29-03-2023,CUST088,Male,56,Clothing,1,500,500,400
89,01-10-2023,CUST089,Female,55,Electronics,4,500,2000,300
90,06-05-2023,CUST090,Female,51,Electronics,1,30,30,-95
91,25-03-2023,CUST091,Female,55,Electronics,1,500,500,1900
92,25-08-2023,CUST092,Female,51,Electronics,4,30,120,-40
93,14-07-2023,CUST093,Female,35,Beauty,4,500,2000,233.3333333
94,19-05-2023,CUST094,Female,47,Beauty,2,500,1000,1900
95,24-11-2023,CUST095,Female,32,Clothing,2,30,60,-60
96,19-12-2023,CUST096,Female,44,Clothing,2,300,600,100
97,13-10-2023,CUST097,Female,51,Beauty,2,500,1000,900
98,23-04-2023,CUST098,Female,55,Beauty,2,50,100,-83.33333333
99,17-12-2023,CUST099,Female,50,Electronics,4,300,1200,300
100,16-06-2023,CUST100,Male,41,Electronics,1,30,30,-85
101,29-01-2023,CUST101,Male,32,Clothing,2,300,600,566.6666667
102,28-04-2023,CUST102,Female,47,Beauty,2,25,50,-95.83333333
103,17-01-2023,CUST103,Female,59,Clothing,1,25,25,-97.5
104,11-06-2023,CUST104,Female,34,Beauty,2,500,1000,900
105,25-07-2023,CUST105,Female,22,Electronics,1,500,500,0
106,18-05-2023,CUST106,Female,46,Clothing,1,50,50,-90
107,03-02-2023,CUST107,Female,21,Clothing,4,300,1200,3900
108,19-04-2023,CUST108,Female,27,Beauty,3,25,75,50
109,18-10-2023,CUST109,Female,34,Electronics,4,500,2000,7900
110,11-06-2023,CUST110,Male,27,Clothing,3,300,900,200
111,19-04-2023,CUST111,Female,34,Electronics,3,500,1500,66.66666667
112,02-12-2023,CUST112,Male,37,Clothing,3,500,1500,2900
113,13-09-2023,CUST113,Female,41,Electronics,2,25,50,-75
114,22-07-2023,CUST114,Female,22,Beauty,4,25,100,-90
115,26-11-2023,CUST115,Male,51,Clothing,3,500,1500,1400
116,23-08-2023,CUST116,Female,23,Clothing,1,30,30,-94
117,15-03-2023,CUST117,Male,19,Electronics,2,500,1000,900
118,16-05-2023,CUST118,Female,30,Electronics,4,500,2000,3900
119,13-03-2023,CUST119,Female,60,Clothing,3,50,150,500
120,07-05-2023,CUST120,Male,60,Beauty,1,50,50,66.66666667
121,15-10-2023,CUST121,Female,28,Electronics,4,50,200,300
122,03-10-2023,CUST122,Male,64,Electronics,4,30,120,-86.66666667
123,15-05-2023,CUST123,Female,40,Electronics,2,30,60,-88
124,27-10-2023,CUST124,Male,33,Clothing,4,500,2000,1233.333333
125,08-08-2023,CUST125,Male,48,Clothing,2,50,100,66.66666667
126,26-10-2023,CUST126,Female,28,Clothing,3,30,90,-95.5
127,24-07-2023,CUST127,Female,33,Clothing,2,25,50,-95
128,05-07-2023,CUST128,Male,25,Beauty,1,500,500,1566.666667
129,23-04-2023,CUST129,Female,21,Beauty,2,300,600,700
130,12-03-2023,CUST130,Female,57,Clothing,1,500,500,0
131,18-09-2023,CUST131,Female,21,Beauty,2,300,600,100
132,10-09-2023,CUST132,Male,42,Electronics,4,50,200,300
133,16-02-2023,CUST133,Male,20,Electronics,3,300,900,200
134,25-01-2023,CUST134,Male,49,Electronics,1,50,50,-66.66666667
135,26-02-2023,CUST135,Male,20,Clothing,2,25,50,-50
136,20-03-2023,CUST136,Male,44,Electronics,2,300,600,-50
137,18-11-2023,CUST137,Male,46,Beauty,2,500,1000,3233.333333
138,23-03-2023,CUST138,Male,49,Clothing,4,50,200,122.2222222
139,15-12-2023,CUST139,Male,36,Beauty,4,500,2000,233.3333333
140,05-08-2023,CUST140,Male,38,Electronics,1,30,30,-94
141,02-11-2023,CUST141,Female,22,Electronics,1,50,50,-50
142,02-02-2023,CUST142,Male,35,Electronics,4,300,1200,-40
143,17-07-2023,CUST143,Female,45,Clothing,1,50,50,-50
144,15-07-2023,CUST144,Female,59,Beauty,3,500,1500,0
145,02-11-2023,CUST145,Female,39,Clothing,3,25,75,50
146,28-08-2023,CUST146,Male,38,Clothing,4,50,200,122.2222222
147,28-09-2023,CUST147,Male,23,Electronics,1,300,300,200
148,09-05-2023,CUST148,Male,18,Clothing,2,30,60,-40
149,11-10-2023,CUST149,Male,22,Clothing,3,25,75,0
150,06-01-2023,CUST150,Female,58,Electronics,4,30,120,-88
151,15-12-2023,CUST151,Male,29,Clothing,1,50,50,-97.5
152,28-02-2023,CUST152,Male,43,Electronics,4,500,2000,100
153,16-12-2023,CUST153,Male,63,Electronics,2,500,1000,900
154,02-10-2023,CUST154,Male,51,Electronics,3,300,900,800
155,17-05-2023,CUST155,Male,31,Electronics,4,500,2000,900
156,25-11-2023,CUST156,Female,43,Clothing,4,25,100,-88.88888889
157,24-06-2023,CUST157,Male,62,Electronics,4,500,2000,122.2222222
158,27-02-2023,CUST158,Female,44,Electronics,2,300,600,2300
159,31-05-2023,CUST159,Male,26,Clothing,4,50,200,122.2222222
160,11-08-2023,CUST160,Female,43,Clothing,2,50,100,-50
161,22-03-2023,CUST161,Male,64,Beauty,2,500,1000,566.6666667
162,21-08-2023,CUST162,Male,39,Clothing,2,30,60,-94
163,02-01-2023,CUST163,Female,64,Clothing,3,50,150,500
164,15-05-2023,CUST164,Female,47,Beauty,3,500,1500,1150
165,14-09-2023,CUST165,Female,60,Clothing,4,300,1200,2300
166,02-04-2023,CUST166,Male,34,Clothing,4,500,2000,1233.333333
167,17-09-2023,CUST167,Female,43,Clothing,3,50,150,200
168,24-02-2023,CUST168,Male,53,Clothing,1,300,300,-75
169,17-11-2023,CUST169,Male,18,Beauty,3,500,1500,66.66666667
170,02-06-2023,CUST170,Female,25,Clothing,2,25,50,0
171,24-11-2023,CUST171,Female,52,Clothing,3,300,900,1400
172,17-09-2023,CUST172,Male,32,Beauty,2,25,50,-97.5
173,08-11-2023,CUST173,Male,64,Electronics,4,30,120,380
174,12-04-2023,CUST174,Female,39,Beauty,1,300,300,150
175,20-03-2023,CUST175,Female,31,Electronics,4,25,100,-33.33333333
176,11-07-2023,CUST176,Female,43,Beauty,2,50,100,33.33333333
177,24-03-2023,CUST177,Male,45,Beauty,2,50,100,-33.33333333
178,04-10-2023,CUST178,Male,40,Clothing,2,30,60,-97
179,29-09-2023,CUST179,Male,31,Electronics,1,300,300,200
180,01-01-2023,CUST180,Male,41,Clothing,3,300,900,-40
181,03-11-2023,CUST181,Male,19,Electronics,4,300,1200,-20
182,15-06-2023,CUST182,Male,62,Beauty,4,30,120,-86.66666667
183,08-09-2023,CUST183,Female,43,Beauty,3,300,900,350
184,10-01-2023,CUST184,Male,31,Electronics,4,50,200,566.6666667
185,27-02-2023,CUST185,Male,24,Clothing,1,25,25,-50
186,05-07-2023,CUST186,Male,20,Clothing,4,50,200,300
187,07-06-2023,CUST187,Female,64,Clothing,2,50,100,100
188,03-05-2023,CUST188,Male,40,Clothing,3,25,75,-16.66666667
189,30-01-2023,CUST189,Male,63,Beauty,1,50,50,-44.44444444
190,04-05-2023,CUST190,Female,60,Beauty,3,30,90,200
191,18-10-2023,CUST191,Male,64,Beauty,1,25,25,-75
192,10-02-2023,CUST192,Male,62,Beauty,2,50,100,-66.66666667
193,13-02-2023,CUST193,Male,35,Beauty,3,500,1500,-25
194,06-09-2023,CUST194,Male,55,Clothing,4,50,200,166.6666667
195,05-02-2023,CUST195,Male,52,Clothing,1,30,30,0
196,30-09-2023,CUST196,Female,32,Clothing,3,300,900,-55
197,06-03-2023,CUST197,Female,42,Clothing,4,50,200,33.33333333
198,07-03-2023,CUST198,Female,54,Beauty,3,300,900,1100
199,04-12-2023,CUST199,Male,45,Beauty,3,500,1500,4900
200,01-09-2023,CUST200,Male,27,Beauty,3,50,150,-75
201,09-10-2023,CUST201,Male,56,Electronics,1,25,25,-79.16666667
202,26-03-2023,CUST202,Female,34,Clothing,4,300,1200,1100
203,16-05-2023,CUST203,Male,56,Clothing,2,500,1000,-50
204,28-09-2023,CUST204,Male,39,Beauty,1,25,25,-91.66666667
205,07-11-2023,CUST205,Female,43,Clothing,1,25,25,-50
206,05-08-2023,CUST206,Male,61,Clothing,1,25,25,-75
207,19-04-2023,CUST207,Female,42,Beauty,2,25,50,-96.66666667
208,04-10-2023,CUST208,Female,34,Electronics,4,50,200,-66.66666667
209,20-12-2023,CUST209,Female,30,Electronics,4,50,200,33.33333333
210,13-04-2023,CUST210,Male,37,Electronics,4,50,200,-33.33333333
211,01-01-2024,CUST211,Male,42,Beauty,3,500,1500,2900
212,09-06-2023,CUST212,Male,21,Clothing,3,500,1500,650
213,24-07-2023,CUST213,Male,27,Beauty,3,500,1500,-25
214,10-12-2023,CUST214,Male,20,Beauty,2,30,60,0
215,29-11-2023,CUST215,Male,58,Clothing,3,500,1500,5900
216,11-07-2023,CUST216,Male,62,Electronics,2,50,100,0
217,13-08-2023,CUST217,Female,35,Electronics,4,50,200,66.66666667
218,22-09-2023,CUST218,Male,64,Beauty,3,30,90,80
219,20-08-2023,CUST219,Female,53,Electronics,3,30,90,-82
220,03-03-2023,CUST220,Male,64,Beauty,1,500,500,316.6666667
221,07-05-2023,CUST221,Male,39,Beauty,2,300,600,1100
222,26-04-2023,CUST222,Male,51,Clothing,4,30,120,300
223,02-02-2023,CUST223,Female,64,Clothing,1,25,25,-83.33333333
224,23-06-2023,CUST224,Female,25,Clothing,1,50,50,-58.33333333
225,11-01-2023,CUST225,Female,57,Beauty,4,25,100,11.11111111
226,29-10-2023,CUST226,Female,61,Clothing,1,50,50,-50
227,11-10-2023,CUST227,Male,36,Electronics,2,50,100,-50
228,28-04-2023,CUST228,Female,59,Electronics,2,30,60,20
229,29-10-2023,CUST229,Male,58,Beauty,3,30,90,80
230,23-04-2023,CUST230,Male,54,Beauty,1,25,25,-75
231,04-01-2023,CUST231,Female,23,Clothing,3,50,150,-85
232,06-02-2023,CUST232,Female,43,Beauty,1,25,25,-83.33333333
233,29-12-2023,CUST233,Female,51,Beauty,2,300,600,500
234,20-11-2023,CUST234,Female,62,Electronics,2,25,50,-50
235,31-01-2023,CUST235,Female,23,Electronics,2,500,1000,900
236,28-04-2023,CUST236,Female,54,Clothing,1,25,25,-58.33333333
237,04-02-2023,CUST237,Female,50,Beauty,2,500,1000,733.3333333
238,17-01-2023,CUST238,Female,39,Beauty,1,500,500,-75
239,19-06-2023,CUST239,Male,38,Electronics,3,500,1500,5900
240,06-02-2023,CUST240,Female,23,Beauty,1,300,300,900
241,21-09-2023,CUST241,Female,23,Electronics,3,25,75,25
242,02-05-2023,CUST242,Male,21,Clothing,1,25,25,-72.22222222
243,23-05-2023,CUST243,Female,47,Electronics,3,300,900,-55
244,09-12-2023,CUST244,Male,28,Beauty,2,50,100,-91.66666667
245,06-09-2023,CUST245,Male,47,Clothing,3,30,90,-55
246,20-04-2023,CUST246,Female,48,Electronics,2,25,50,-66.66666667
247,04-10-2023,CUST247,Male,41,Electronics,2,30,60,-33.33333333
248,09-03-2023,CUST248,Male,26,Clothing,3,300,900,350
249,20-10-2023,CUST249,Male,20,Clothing,1,50,50,-16.66666667
250,23-10-2023,CUST250,Male,48,Electronics,1,50,50,-50
251,31-08-2023,CUST251,Female,57,Beauty,4,50,200,300
252,05-05-2023,CUST252,Male,54,Electronics,1,300,300,-70
253,31-08-2023,CUST253,Female,53,Clothing,4,500,2000,900
254,28-07-2023,CUST254,Male,41,Electronics,1,500,500,-44.44444444
255,08-04-2023,CUST255,Male,48,Clothing,1,30,30,-97.5
256,18-02-2023,CUST256,Male,23,Clothing,2,500,1000,11.11111111
257,19-02-2023,CUST257,Male,19,Beauty,4,500,2000,7900
258,04-12-2023,CUST258,Female,37,Clothing,1,50,50,-66.66666667
259,09-08-2023,CUST259,Female,45,Clothing,4,50,200,100
260,01-07-2023,CUST260,Male,28,Beauty,2,30,60,-33.33333333
261,05-08-2023,CUST261,Male,21,Clothing,2,25,50,66.66666667
262,30-07-2023,CUST262,Female,32,Beauty,4,30,120,-20
263,28-08-2023,CUST263,Male,23,Beauty,2,30,60,-70
264,28-01-2023,CUST264,Male,47,Clothing,3,300,900,1400
265,11-12-2023,CUST265,Male,55,Clothing,3,300,900,1700
266,01-12-2023,CUST266,Female,19,Electronics,2,30,60,-40
267,27-11-2023,CUST267,Female,32,Beauty,3,30,90,260
268,20-02-2023,CUST268,Female,28,Electronics,1,30,30,-97
269,01-02-2023,CUST269,Male,25,Clothing,4,500,2000,33.33333333
270,26-07-2023,CUST270,Male,43,Electronics,1,300,300,-40
271,23-06-2023,CUST271,Female,62,Beauty,4,30,120,0
272,25-02-2023,CUST272,Female,61,Electronics,2,50,100,-88.88888889
273,08-05-2023,CUST273,Female,22,Beauty,1,50,50,-90
274,09-04-2023,CUST274,Female,23,Clothing,2,500,1000,1900
275,08-04-2023,CUST275,Male,43,Clothing,2,500,1000,3233.333333
276,02-10-2023,CUST276,Female,21,Beauty,4,25,100,-16.66666667
277,18-08-2023,CUST277,Male,36,Clothing,4,25,100,-88.88888889
278,13-03-2023,CUST278,Female,37,Clothing,4,25,100,100
279,05-08-2023,CUST279,Male,50,Clothing,1,500,500,-44.44444444
280,04-04-2023,CUST280,Female,37,Clothing,3,500,1500,400
281,23-05-2023,CUST281,Female,29,Beauty,4,500,2000,1233.333333
282,25-08-2023,CUST282,Female,64,Electronics,4,50,200,166.6666667
283,08-05-2023,CUST283,Female,18,Electronics,1,500,500,566.6666667
284,08-02-2023,CUST284,Male,43,Clothing,4,50,200,-33.33333333
285,15-08-2023,CUST285,Female,31,Electronics,1,25,25,-87.5
286,09-10-2023,CUST286,Male,55,Electronics,2,25,50,100
287,20-02-2023,CUST287,Male,54,Clothing,4,25,100,233.3333333
288,26-01-2023,CUST288,Male,28,Clothing,4,30,120,140
289,30-11-2023,CUST289,Male,53,Electronics,2,30,60,-80
290,04-10-2023,CUST290,Female,30,Beauty,2,300,600,200
291,08-01-2023,CUST291,Male,60,Clothing,2,300,600,700
292,17-02-2023,CUST292,Male,20,Beauty,4,300,1200,33.33333333
293,02-05-2023,CUST293,Male,50,Electronics,3,30,90,260
294,27-03-2023,CUST294,Female,23,Clothing,3,30,90,-82
295,28-07-2023,CUST295,Female,27,Beauty,3,300,900,80
296,06-09-2023,CUST296,Female,22,Clothing,4,300,1200,1233.333333
297,04-09-2023,CUST297,Female,40,Electronics,2,500,1000,233.3333333
298,20-04-2023,CUST298,Male,27,Beauty,4,300,1200,2300
299,25-07-2023,CUST299,Male,61,Electronics,2,500,1000,1900
300,31-01-2023,CUST300,Female,19,Electronics,4,50,200,-80
301,26-03-2023,CUST301,Male,30,Clothing,4,30,120,-76
302,14-07-2023,CUST302,Male,57,Beauty,2,300,600,-33.33333333
303,02-01-2023,CUST303,Male,19,Electronics,3,30,90,-92.5
304,19-07-2023,CUST304,Female,37,Electronics,2,30,60,-70
305,16-05-2023,CUST305,Female,18,Beauty,1,30,30,-95
306,21-08-2023,CUST306,Male,54,Electronics,1,50,50,-16.66666667
307,27-05-2023,CUST307,Female,26,Electronics,2,25,50,-66.66666667
308,05-08-2023,CUST308,Female,34,Beauty,4,300,1200,2300
309,23-12-2023,CUST309,Female,26,Beauty,1,25,25,-95
310,12-10-2023,CUST310,Female,28,Beauty,1,25,25,-95
311,05-12-2023,CUST311,Female,32,Beauty,4,25,100,-93.33333333
312,07-09-2023,CUST312,Male,41,Clothing,4,30,120,-90
313,21-03-2023,CUST313,Female,55,Beauty,3,500,1500,150
314,08-04-2023,CUST314,Male,52,Clothing,4,30,120,20
315,01-06-2023,CUST315,Male,47,Clothing,2,30,60,20
316,22-04-2023,CUST316,Female,48,Clothing,2,25,50,0
317,30-01-2023,CUST317,Male,22,Electronics,3,30,90,-85
318,24-10-2023,CUST318,Male,61,Clothing,1,25,25,-75
319,05-10-2023,CUST319,Male,31,Clothing,1,500,500,733.3333333
320,01-02-2023,CUST320,Female,28,Electronics,4,300,1200,33.33333333
321,10-06-2023,CUST321,Female,26,Electronics,2,25,50,-96.66666667
322,30-01-2023,CUST322,Male,51,Electronics,1,500,500,900
323,26-01-2023,CUST323,Female,29,Beauty,3,300,900,1700
324,27-10-2023,CUST324,Female,52,Electronics,3,50,150,-90
325,02-09-2023,CUST325,Female,52,Electronics,2,25,50,-58.33333333
326,15-09-2023,CUST326,Female,18,Clothing,3,25,75,-93.75
327,29-09-2023,CUST327,Male,57,Electronics,3,50,150,-50
328,22-03-2023,CUST328,Male,39,Beauty,2,50,100,100
329,30-01-2023,CUST329,Female,46,Electronics,4,25,100,-80
330,18-09-2023,CUST330,Female,25,Beauty,4,50,200,0
331,11-02-2023,CUST331,Male,28,Electronics,3,30,90,260
332,06-04-2023,CUST332,Male,58,Electronics,4,300,1200,0
333,05-02-2023,CUST333,Female,54,Electronics,4,300,1200,900
334,01-11-2023,CUST334,Male,31,Electronics,3,300,900,200
335,04-02-2023,CUST335,Female,47,Beauty,4,30,120,-90
336,12-12-2023,CUST336,Female,52,Beauty,3,50,150,-83.33333333
337,01-05-2023,CUST337,Male,38,Clothing,1,500,500,400
338,26-07-2023,CUST338,Male,54,Beauty,2,50,100,-66.66666667
339,03-03-2023,CUST339,Female,22,Electronics,2,25,50,-90
340,19-10-2023,CUST340,Female,36,Clothing,4,300,1200,300
341,07-05-2023,CUST341,Male,31,Clothing,4,50,200,-66.66666667
342,24-10-2023,CUST342,Female,43,Clothing,4,500,2000,3900
343,01-11-2023,CUST343,Male,21,Electronics,2,25,50,-75
344,21-01-2023,CUST344,Female,42,Beauty,1,30,30,-98.5
345,14-11-2023,CUST345,Male,62,Electronics,1,30,30,-70
346,11-02-2023,CUST346,Male,59,Clothing,2,500,1000,1011.111111
347,03-08-2023,CUST347,Male,42,Electronics,1,25,25,-50
348,03-12-2023,CUST348,Female,35,Electronics,2,300,600,1900
349,26-10-2023,CUST349,Female,57,Beauty,1,50,50,-44.44444444
350,17-10-2023,CUST350,Male,25,Beauty,3,25,75,-95
351,25-09-2023,CUST351,Female,56,Clothing,3,30,90,-90
352,11-06-2023,CUST352,Male,57,Electronics,2,500,1000,0
353,14-05-2023,CUST353,Male,31,Electronics,1,500,500,0
354,15-04-2023,CUST354,Female,49,Beauty,4,50,200,233.3333333
355,09-12-2023,CUST355,Female,55,Electronics,1,500,500,1900
356,10-06-2023,CUST356,Male,50,Electronics,3,500,1500,650
357,03-05-2023,CUST357,Female,40,Electronics,3,25,75,0
358,16-05-2023,CUST358,Female,32,Beauty,1,300,300,900
359,22-07-2023,CUST359,Male,50,Clothing,1,50,50,-50
360,09-03-2023,CUST360,Male,42,Clothing,4,25,100,-88.88888889
361,10-12-2023,CUST361,Female,34,Electronics,4,300,1200,1900
362,27-11-2023,CUST362,Male,50,Clothing,1,25,25,-98.33333333
363,03-06-2023,CUST363,Male,64,Beauty,1,25,25,-50
364,23-08-2023,CUST364,Female,19,Beauty,1,500,500,566.6666667
365,11-06-2023,CUST365,Male,31,Clothing,1,300,300,-70
366,07-02-2023,CUST366,Male,57,Clothing,2,50,100,-93.33333333
367,05-01-2023,CUST367,Female,57,Electronics,1,50,50,0
368,23-08-2023,CUST368,Female,56,Clothing,4,300,1200,3900
369,15-11-2023,CUST369,Male,23,Electronics,3,500,1500,4900
370,16-10-2023,CUST370,Male,23,Electronics,2,30,60,-40
371,21-02-2023,CUST371,Female,20,Beauty,1,25,25,-58.33333333
372,07-02-2023,CUST372,Female,24,Beauty,3,500,1500,900
373,03-10-2023,CUST373,Female,25,Beauty,2,300,600,-50
374,20-04-2023,CUST374,Female,59,Beauty,3,25,75,-93.75
375,17-09-2023,CUST375,Male,32,Clothing,1,50,50,-66.66666667
376,16-05-2023,CUST376,Female,64,Beauty,1,30,30,-96.66666667
377,09-03-2023,CUST377,Female,46,Clothing,4,50,200,700
378,28-06-2023,CUST378,Male,50,Beauty,1,300,300,-66.66666667
379,05-02-2023,CUST379,Female,47,Clothing,1,25,25,-87.5
380,06-05-2023,CUST380,Male,56,Electronics,2,300,600,900
381,09-07-2023,CUST381,Female,44,Clothing,4,25,100,100
382,26-05-2023,CUST382,Female,53,Clothing,2,500,1000,11.11111111
383,22-03-2023,CUST383,Female,46,Beauty,3,30,90,-91
384,13-08-2023,CUST384,Male,55,Clothing,1,500,500,150
385,06-10-2023,CUST385,Male,50,Electronics,3,500,1500,4900
386,27-12-2023,CUST386,Female,54,Electronics,2,300,600,500
387,04-06-2023,CUST387,Male,44,Beauty,1,30,30,-94
388,10-11-2023,CUST388,Male,50,Electronics,1,25,25,-87.5
389,01-12-2023,CUST389,Male,21,Clothing,2,25,50,-16.66666667
390,28-09-2023,CUST390,Male,39,Electronics,2,50,100,300
391,05-01-2023,CUST391,Male,19,Beauty,2,25,50,-44.44444444
392,08-12-2023,CUST392,Male,27,Clothing,2,300,600,100
393,11-10-2023,CUST393,Female,22,Beauty,2,500,1000,1233.333333
394,03-06-2023,CUST394,Female,27,Clothing,1,500,500,0
395,06-12-2023,CUST395,Male,50,Electronics,2,500,1000,-33.33333333
396,23-02-2023,CUST396,Female,55,Beauty,1,30,30,20
397,10-03-2023,CUST397,Female,30,Beauty,1,25,25,-83.33333333
398,16-05-2023,CUST398,Female,48,Clothing,2,300,600,-60
399,01-03-2023,CUST399,Female,64,Beauty,2,30,60,-40
400,24-02-2023,CUST400,Male,53,Clothing,4,50,200,566.6666667
401,11-10-2023,CUST401,Female,62,Clothing,1,300,300,-70
402,21-03-2023,CUST402,Female,41,Clothing,2,300,600,-50
403,20-05-2023,CUST403,Male,32,Clothing,2,300,600,700
404,25-05-2023,CUST404,Male,46,Electronics,2,500,1000,0
405,06-11-2023,CUST405,Female,25,Clothing,4,300,1200,-20
406,18-04-2023,CUST406,Female,22,Beauty,4,25,100,100
407,25-06-2023,CUST407,Female,46,Electronics,3,300,900,-55
408,15-04-2023,CUST408,Female,64,Beauty,1,500,500,150
409,18-12-2023,CUST409,Female,21,Electronics,3,300,900,-10
410,21-11-2023,CUST410,Female,29,Clothing,2,50,100,100
411,16-05-2023,CUST411,Male,62,Electronics,4,50,200,33.33333333
412,16-09-2023,CUST412,Female,19,Electronics,4,500,2000,3900
413,08-09-2023,CUST413,Female,44,Beauty,3,25,75,50
414,09-05-2023,CUST414,Male,48,Beauty,4,25,100,-80
415,27-01-2023,CUST415,Male,53,Clothing,2,30,60,-40
416,17-02-2023,CUST416,Male,53,Electronics,4,500,2000,33.33333333
417,21-11-2023,CUST417,Male,43,Electronics,3,300,900,1400
418,05-08-2023,CUST418,Female,60,Electronics,2,500,1000,-33.33333333
419,22-05-2023,CUST419,Female,44,Clothing,3,30,90,-25
420,23-01-2023,CUST420,Female,22,Clothing,4,500,2000,100
421,02-01-2023,CUST421,Female,37,Clothing,3,500,1500,900
422,20-06-2023,CUST422,Female,28,Clothing,3,30,90,-10
423,08-03-2023,CUST423,Female,27,Clothing,1,25,25,-72.22222222
424,23-11-2023,CUST424,Male,57,Beauty,4,300,1200,1100
425,15-05-2023,CUST425,Female,55,Electronics,4,30,120,100
426,24-03-2023,CUST426,Male,23,Electronics,3,50,150,0
427,15-08-2023,CUST427,Male,25,Electronics,1,25,25,-75
428,10-10-2023,CUST428,Female,40,Electronics,4,50,200,66.66666667
429,28-12-2023,CUST429,Male,64,Electronics,2,25,50,-97.5
430,07-08-2023,CUST430,Female,43,Electronics,3,300,900,80
431,15-10-2023,CUST431,Male,63,Electronics,4,300,1200,1100
432,05-01-2023,CUST432,Female,60,Electronics,2,500,1000,1900
433,27-02-2023,CUST433,Male,29,Beauty,4,50,200,-66.66666667
434,08-02-2023,CUST434,Female,43,Electronics,2,25,50,-50
435,20-12-2023,CUST435,Female,30,Beauty,3,300,900,1700
436,18-03-2023,CUST436,Female,57,Clothing,4,30,120,60
437,07-10-2023,CUST437,Female,35,Electronics,4,300,1200,500
438,19-01-2023,CUST438,Female,42,Clothing,1,30,30,-75
439,09-07-2023,CUST439,Male,50,Clothing,3,25,75,-25
440,26-10-2023,CUST440,Male,64,Clothing,2,300,600,1100
441,10-10-2023,CUST441,Male,57,Beauty,4,300,1200,500
442,17-03-2023,CUST442,Female,60,Clothing,4,25,100,-90
443,09-08-2023,CUST443,Male,29,Clothing,2,300,600,200
444,07-03-2023,CUST444,Female,61,Clothing,3,30,90,80
445,22-01-2023,CUST445,Female,53,Electronics,1,300,300,1100
446,07-06-2023,CUST446,Male,21,Electronics,1,50,50,0
447,06-07-2023,CUST447,Male,22,Beauty,4,500,2000,3233.333333
448,21-01-2023,CUST448,Female,54,Beauty,2,30,60,20
449,03-07-2023,CUST449,Male,25,Electronics,4,50,200,566.6666667
450,18-04-2023,CUST450,Female,59,Beauty,2,25,50,100
451,16-12-2023,CUST451,Female,45,Electronics,1,30,30,-97
452,08-05-2023,CUST452,Female,48,Clothing,3,500,1500,1900
453,08-12-2023,CUST453,Female,26,Clothing,2,500,1000,11.11111111
454,22-02-2023,CUST454,Female,46,Beauty,1,25,25,-50
455,01-07-2023,CUST455,Male,31,Electronics,4,25,100,66.66666667
456,14-10-2023,CUST456,Male,57,Electronics,2,30,60,-20
457,28-07-2023,CUST457,Female,58,Beauty,3,300,900,-10
458,14-11-2023,CUST458,Female,39,Electronics,4,25,100,-88.88888889
459,21-03-2023,CUST459,Male,28,Clothing,4,300,1200,500
460,02-05-2023,CUST460,Male,40,Beauty,1,50,50,100
461,25-03-2023,CUST461,Female,18,Beauty,2,500,1000,900
462,01-04-2023,CUST462,Male,63,Electronics,4,300,1200,0
463,31-07-2023,CUST463,Female,54,Beauty,3,500,1500,1150
464,13-01-2023,CUST464,Male,38,Electronics,2,300,600,1900
465,02-04-2023,CUST465,Female,43,Electronics,3,50,150,0
466,20-06-2023,CUST466,Male,63,Electronics,4,25,100,11.11111111
467,30-07-2023,CUST467,Female,53,Electronics,3,50,150,-70
468,09-12-2023,CUST468,Male,40,Electronics,1,25,25,-97.22222222
469,08-05-2023,CUST469,Male,18,Beauty,3,25,75,200
470,17-05-2023,CUST470,Female,57,Clothing,2,500,1000,1900
471,23-03-2023,CUST471,Male,32,Clothing,3,50,150,50
472,26-12-2023,CUST472,Female,38,Beauty,3,300,900,50
473,25-02-2023,CUST473,Male,64,Beauty,1,50,50,-83.33333333
474,15-07-2023,CUST474,Female,26,Clothing,3,500,1500,5900
475,20-01-2023,CUST475,Male,26,Clothing,3,25,75,150
476,29-08-2023,CUST476,Female,27,Clothing,4,500,2000,6566.666667
477,24-04-2023,CUST477,Male,43,Clothing,4,30,120,33.33333333
478,13-04-2023,CUST478,Female,58,Clothing,2,30,60,-40
479,24-08-2023,CUST479,Male,52,Electronics,4,300,1200,0
480,29-06-2023,CUST480,Female,42,Beauty,4,500,2000,3900
481,06-06-2023,CUST481,Female,43,Electronics,4,300,1200,140
482,27-04-2023,CUST482,Female,28,Clothing,4,300,1200,3900
483,25-04-2023,CUST483,Male,55,Clothing,1,30,30,-70
484,13-01-2023,CUST484,Female,19,Clothing,4,300,1200,1233.333333
485,04-12-2023,CUST485,Male,24,Electronics,1,30,30,-40
486,09-04-2023,CUST486,Female,35,Electronics,1,25,25,-97.5
487,24-07-2023,CUST487,Male,44,Clothing,4,500,2000,3233.333333
488,18-06-2023,CUST488,Female,51,Electronics,3,300,900,-25
489,23-05-2023,CUST489,Male,44,Electronics,1,30,30,-97.5
490,05-02-2023,CUST490,Male,34,Clothing,3,50,150,500
491,23-05-2023,CUST491,Female,60,Electronics,3,300,900,1100
492,29-06-2023,CUST492,Male,61,Beauty,4,25,100,-95
493,25-11-2023,CUST493,Male,41,Beauty,2,25,50,-50
494,18-09-2023,CUST494,Female,42,Beauty,4,50,200,-66.66666667
495,24-07-2023,CUST495,Male,24,Beauty,2,30,60,-97
496,14-12-2023,CUST496,Male,23,Clothing,2,300,600,900
497,02-10-2023,CUST497,Male,41,Clothing,4,30,120,140
498,19-06-2023,CUST498,Female,50,Clothing,4,25,100,-93.33333333
499,15-01-2023,CUST499,Male,46,Beauty,2,30,60,-40
500,01-03-2023,CUST500,Female,60,Beauty,4,25,100,66.66666667
501,14-05-2023,CUST501,Male,39,Electronics,2,30,60,-90
502,02-04-2023,CUST502,Male,43,Electronics,3,50,150,-87.5
503,25-10-2023,CUST503,Male,45,Beauty,4,500,2000,33.33333333
504,16-05-2023,CUST504,Female,38,Beauty,3,50,150,-85
505,20-01-2023,CUST505,Male,24,Beauty,1,50,50,-33.33333333
506,25-02-2023,CUST506,Male,34,Beauty,3,500,1500,2900
507,02-11-2023,CUST507,Female,37,Electronics,3,500,1500,1400
508,11-08-2023,CUST508,Male,58,Beauty,2,300,600,500
509,26-06-2023,CUST509,Female,37,Electronics,3,300,900,-25
510,10-06-2023,CUST510,Female,39,Beauty,4,50,200,-86.66666667
511,12-08-2023,CUST511,Male,45,Beauty,2,50,100,-50
512,07-11-2023,CUST512,Female,57,Beauty,1,25,25,0
513,19-09-2023,CUST513,Male,24,Electronics,4,25,100,-50
514,01-03-2023,CUST514,Female,18,Electronics,1,300,300,200
515,17-07-2023,CUST515,Female,49,Clothing,3,300,900,1700
516,23-10-2023,CUST516,Male,30,Beauty,4,25,100,-80
517,08-04-2023,CUST517,Female,47,Clothing,4,25,100,-90
518,11-05-2023,CUST518,Female,40,Clothing,1,30,30,-98.5
519,23-01-2023,CUST519,Female,36,Electronics,4,30,120,-94
520,29-12-2023,CUST520,Female,49,Electronics,4,25,100,-91.66666667
521,12-08-2023,CUST521,Female,47,Clothing,4,30,120,-20
522,01-01-2023,CUST522,Male,46,Beauty,3,500,1500,
523,24-09-2023,CUST523,Female,62,Electronics,1,300,300,233.3333333
524,03-10-2023,CUST524,Male,46,Beauty,4,300,1200,1100
525,18-12-2023,CUST525,Female,47,Beauty,2,25,50,-95.83333333
526,10-12-2023,CUST526,Male,33,Clothing,2,50,100,-91.66666667
527,11-04-2023,CUST527,Male,57,Clothing,2,25,50,66.66666667
528,06-07-2023,CUST528,Female,36,Clothing,2,30,60,-70
529,09-08-2023,CUST529,Female,35,Clothing,3,50,150,150
530,05-02-2023,CUST530,Female,18,Electronics,4,30,120,-88
531,07-12-2023,CUST531,Male,31,Electronics,1,500,500,900
532,19-06-2023,CUST532,Female,64,Clothing,4,30,120,-86.66666667
533,16-11-2023,CUST533,Male,19,Electronics,3,500,1500,1400
534,10-06-2023,CUST534,Male,45,Clothing,2,500,1000,1900
535,06-12-2023,CUST535,Male,47,Beauty,3,30,90,-70
536,05-03-2023,CUST536,Female,55,Beauty,4,30,120,-88
537,03-06-2023,CUST537,Female,21,Beauty,1,500,500,1900
538,17-09-2023,CUST538,Male,18,Clothing,3,50,150,200
539,08-06-2023,CUST539,Male,25,Beauty,1,500,500,400
540,08-12-2023,CUST540,Female,46,Electronics,3,300,900,50
541,29-07-2023,CUST541,Male,56,Beauty,1,500,500,566.6666667
542,17-06-2023,CUST542,Female,20,Beauty,1,50,50,-75
543,26-07-2023,CUST543,Male,49,Beauty,2,300,600,500
544,23-12-2023,CUST544,Female,27,Electronics,1,25,25,-91.66666667
545,01-06-2023,CUST545,Male,27,Clothing,2,25,50,-95.83333333
546,11-10-2023,CUST546,Female,36,Electronics,4,50,200,-83.33333333
547,07-03-2023,CUST547,Male,63,Clothing,4,500,2000,122.2222222
548,09-04-2023,CUST548,Female,51,Clothing,2,30,60,-93.33333333
549,04-08-2023,CUST549,Female,50,Beauty,2,50,100,66.66666667
550,07-12-2023,CUST550,Male,40,Clothing,3,300,900,80
551,14-07-2023,CUST551,Male,45,Electronics,3,300,900,1400
552,13-12-2023,CUST552,Female,49,Electronics,3,25,75,-87.5
553,31-03-2023,CUST553,Male,24,Clothing,4,300,1200,500
554,12-11-2023,CUST554,Female,46,Beauty,3,50,150,100
555,19-10-2023,CUST555,Male,25,Beauty,1,300,300,-85
556,04-06-2023,CUST556,Female,18,Electronics,1,50,50,66.66666667
557,27-07-2023,CUST557,Female,20,Beauty,3,30,90,-85
558,08-10-2023,CUST558,Female,41,Clothing,1,25,25,-98.75
559,01-01-2023,CUST559,Female,40,Clothing,4,300,1200,33.33333333
560,05-06-2023,CUST560,Female,25,Electronics,1,50,50,0
561,27-05-2023,CUST561,Female,64,Clothing,4,500,2000,1566.666667
562,18-04-2023,CUST562,Male,54,Electronics,2,25,50,-83.33333333
563,09-08-2023,CUST563,Male,20,Clothing,2,30,60,-90
564,24-10-2023,CUST564,Male,50,Electronics,2,50,100,33.33333333
565,07-11-2023,CUST565,Female,45,Beauty,2,30,60,-95
566,02-12-2023,CUST566,Female,64,Clothing,1,30,30,-98
567,14-06-2023,CUST567,Female,25,Clothing,3,300,900,80
568,27-08-2023,CUST568,Female,51,Electronics,1,300,300,-75
569,15-08-2023,CUST569,Male,52,Electronics,4,50,200,-60
570,15-08-2023,CUST570,Male,49,Clothing,1,500,500,316.6666667
571,12-12-2023,CUST571,Female,41,Electronics,1,50,50,-66.66666667
572,20-04-2023,CUST572,Male,31,Clothing,4,500,2000,3900
573,19-09-2023,CUST573,Male,49,Beauty,2,30,60,-40
574,31-08-2023,CUST574,Female,63,Electronics,2,25,50,-90
575,28-03-2023,CUST575,Male,60,Clothing,2,50,100,11.11111111
576,04-12-2023,CUST576,Female,33,Beauty,3,50,150,-75
577,13-02-2023,CUST577,Male,21,Beauty,4,500,2000,7900
578,26-05-2023,CUST578,Female,54,Clothing,4,30,120,-88
579,21-09-2023,CUST579,Female,38,Electronics,1,30,30,-60
580,06-12-2023,CUST580,Female,31,Clothing,3,500,1500,1566.666667
581,21-11-2023,CUST581,Female,48,Beauty,2,30,60,-40
582,14-11-2023,CUST582,Male,35,Clothing,3,300,900,-25
583,21-06-2023,CUST583,Female,24,Electronics,4,25,100,0
584,17-02-2023,CUST584,Female,27,Beauty,4,50,200,-90
585,01-05-2023,CUST585,Female,24,Clothing,1,25,25,-95
586,11-12-2023,CUST586,Male,50,Electronics,1,50,50,-50
587,08-06-2023,CUST587,Female,40,Beauty,4,300,1200,140
588,26-04-2023,CUST588,Male,38,Electronics,2,30,60,-33.33333333
589,12-04-2023,CUST589,Female,36,Beauty,2,500,1000,1900
590,17-03-2023,CUST590,Male,36,Clothing,3,300,900,800
591,13-01-2023,CUST591,Male,53,Electronics,4,25,100,-91.66666667
592,24-01-2023,CUST592,Female,46,Beauty,4,500,2000,1900
593,06-05-2023,CUST593,Male,35,Electronics,2,30,60,-70
594,01-09-2023,CUST594,Female,19,Electronics,2,300,600,1100
595,09-11-2023,CUST595,Female,18,Clothing,4,500,2000,2122.222222
596,07-02-2023,CUST596,Female,64,Electronics,1,300,300,50
597,22-08-2023,CUST597,Male,22,Beauty,4,300,1200,1233.333333
598,01-08-2023,CUST598,Male,37,Beauty,4,30,120,-92
599,19-11-2023,CUST599,Female,28,Beauty,2,50,100,-50
600,22-10-2023,CUST600,Female,59,Beauty,2,500,1000,11.11111111
601,10-04-2023,CUST601,Male,19,Clothing,1,30,30,20
602,23-12-2023,CUST602,Female,20,Electronics,1,300,300,200
603,16-07-2023,CUST603,Female,40,Clothing,3,30,90,-94
604,11-09-2023,CUST604,Female,29,Electronics,4,50,200,-90
605,24-07-2023,CUST605,Male,37,Electronics,2,500,1000,-33.33333333
606,05-05-2023,CUST606,Male,22,Electronics,1,50,50,-58.33333333
607,17-03-2023,CUST607,Male,54,Clothing,3,25,75,-91.66666667
608,02-12-2023,CUST608,Female,55,Electronics,3,500,1500,0
609,19-12-2023,CUST609,Female,47,Clothing,2,50,100,11.11111111
610,03-01-2023,CUST610,Female,26,Beauty,2,300,600,-60
611,24-02-2023,CUST611,Male,51,Beauty,3,500,1500,650
612,06-08-2023,CUST612,Female,61,Electronics,1,500,500,-75
613,23-04-2023,CUST613,Female,52,Clothing,3,30,90,-82
614,01-04-2023,CUST614,Female,39,Beauty,4,300,1200,-40
615,23-12-2023,CUST615,Female,61,Clothing,4,25,100,-88.88888889
616,23-09-2023,CUST616,Male,41,Clothing,2,50,100,11.11111111
617,26-08-2023,CUST617,Male,34,Electronics,1,30,30,20
618,26-01-2023,CUST618,Female,27,Beauty,1,50,50,-96.66666667
619,13-10-2023,CUST619,Male,47,Electronics,4,25,100,-33.33333333
620,08-05-2023,CUST620,Male,63,Electronics,3,25,75,50
621,04-03-2023,CUST621,Female,40,Beauty,2,500,1000,400
622,22-08-2023,CUST622,Female,49,Beauty,3,25,75,-93.75
623,10-03-2023,CUST623,Male,34,Clothing,3,50,150,50
624,26-08-2023,CUST624,Female,34,Beauty,3,300,900,650
625,08-12-2023,CUST625,Male,31,Clothing,1,300,300,-70
626,29-09-2023,CUST626,Female,26,Clothing,4,500,2000,1900
627,14-10-2023,CUST627,Male,57,Clothing,1,50,50,-16.66666667
628,01-11-2023,CUST628,Female,19,Beauty,4,50,200,-77.77777778
629,12-06-2023,CUST629,Male,62,Electronics,2,25,50,-95
630,15-08-2023,CUST630,Male,42,Clothing,2,50,100,-91.66666667
631,10-11-2023,CUST631,Male,56,Electronics,3,30,90,260
632,16-09-2023,CUST632,Female,26,Electronics,4,25,100,33.33333333
633,07-08-2023,CUST633,Male,39,Beauty,4,30,120,-86.66666667
634,08-10-2023,CUST634,Male,60,Electronics,4,500,2000,66.66666667
635,17-08-2023,CUST635,Female,63,Electronics,3,300,900,3500
636,23-03-2023,CUST636,Female,21,Beauty,3,500,1500,650
637,01-09-2023,CUST637,Male,43,Clothing,2,300,600,0
638,19-08-2023,CUST638,Male,46,Electronics,1,500,500,733.3333333
639,13-05-2023,CUST639,Female,62,Beauty,4,50,200,100
640,07-05-2023,CUST640,Female,51,Electronics,4,30,120,-40
641,23-11-2023,CUST641,Female,40,Electronics,1,300,300,-75
642,22-05-2023,CUST642,Female,54,Clothing,4,25,100,11.11111111
643,24-09-2023,CUST643,Female,28,Electronics,3,30,90,-10
644,06-09-2023,CUST644,Male,23,Beauty,3,25,75,-85
645,17-11-2023,CUST645,Female,35,Electronics,4,30,120,33.33333333
646,03-05-2023,CUST646,Male,38,Clothing,3,30,90,80
647,21-05-2023,CUST647,Male,59,Clothing,3,500,1500,66.66666667
648,14-08-2023,CUST648,Male,53,Beauty,4,300,1200,3900
649,09-02-2023,CUST649,Female,58,Clothing,2,300,600,1100
650,01-01-2024,CUST650,Male,55,Electronics,1,30,30,-98
651,27-05-2023,CUST651,Male,51,Clothing,3,50,150,-92.5
652,01-05-2023,CUST652,Female,34,Beauty,2,50,100,100
653,20-05-2023,CUST653,Male,54,Clothing,3,25,75,50
654,21-06-2023,CUST654,Male,42,Clothing,3,25,75,-25
655,13-06-2023,CUST655,Female,55,Clothing,1,500,500,900
656,04-10-2023,CUST656,Male,29,Beauty,3,30,90,50
657,11-02-2023,CUST657,Male,40,Clothing,1,25,25,-98.33333333
658,12-03-2023,CUST658,Male,59,Clothing,1,25,25,-95
659,19-03-2023,CUST659,Female,39,Electronics,1,30,30,-98
660,29-04-2023,CUST660,Female,38,Beauty,2,500,1000,11.11111111
661,16-07-2023,CUST661,Female,44,Clothing,4,25,100,11.11111111
662,22-12-2023,CUST662,Male,48,Beauty,2,500,1000,233.3333333
663,20-03-2023,CUST663,Male,23,Clothing,4,300,1200,1100
664,28-12-2023,CUST664,Female,44,Clothing,4,500,2000,7900
665,20-04-2023,CUST665,Male,57,Clothing,1,50,50,-97.5
666,02-02-2023,CUST666,Male,51,Electronics,3,50,150,-87.5
667,01-08-2023,CUST667,Female,29,Electronics,1,500,500,400
668,28-07-2023,CUST668,Female,62,Electronics,3,50,150,-75
669,19-06-2023,CUST669,Male,24,Beauty,4,300,1200,900
670,05-10-2023,CUST670,Male,27,Beauty,1,30,30,-94
671,27-08-2023,CUST671,Male,62,Electronics,3,50,150,400
672,01-08-2023,CUST672,Female,34,Beauty,2,50,100,-16.66666667
673,01-02-2023,CUST673,Female,43,Clothing,3,500,1500,25
674,16-04-2023,CUST674,Female,38,Clothing,1,300,300,-40
675,04-08-2023,CUST675,Female,45,Clothing,2,30,60,20
676,19-07-2023,CUST676,Male,63,Electronics,3,500,1500,2400
677,27-10-2023,CUST677,Female,19,Beauty,3,500,1500,150
678,23-12-2023,CUST678,Female,60,Electronics,3,300,900,-10
679,11-01-2023,CUST679,Female,18,Beauty,3,30,90,-10
680,22-10-2023,CUST680,Female,53,Clothing,3,300,900,1700
681,14-07-2023,CUST681,Female,43,Electronics,2,30,60,-40
682,02-09-2023,CUST682,Male,46,Beauty,4,300,1200,2300
683,04-01-2023,CUST683,Male,38,Beauty,2,500,1000,66.66666667
684,30-06-2023,CUST684,Female,28,Clothing,2,500,1000,3233.333333
685,02-06-2023,CUST685,Male,57,Electronics,2,25,50,0
686,19-07-2023,CUST686,Female,28,Electronics,4,50,200,-77.77777778
687,03-08-2023,CUST687,Female,53,Electronics,1,300,300,500
688,03-10-2023,CUST688,Male,56,Clothing,4,25,100,-33.33333333
689,07-10-2023,CUST689,Male,57,Electronics,2,50,100,-93.33333333
690,05-11-2023,CUST690,Female,52,Clothing,3,300,900,80
691,23-04-2023,CUST691,Female,51,Clothing,3,30,90,-94
692,07-09-2023,CUST692,Female,64,Clothing,2,50,100,-16.66666667
693,23-04-2023,CUST693,Male,41,Beauty,3,500,1500,1566.666667
694,20-05-2023,CUST694,Female,39,Electronics,2,25,50,-83.33333333
695,12-08-2023,CUST695,Female,22,Electronics,3,50,150,-85
696,06-09-2023,CUST696,Female,50,Clothing,4,50,200,0
697,15-01-2023,CUST697,Male,53,Clothing,1,500,500,0
698,19-07-2023,CUST698,Female,64,Electronics,1,300,300,-80
699,22-06-2023,CUST699,Female,37,Clothing,4,30,120,140
700,09-12-2023,CUST700,Male,36,Electronics,4,500,2000,1900
701,14-12-2023,CUST701,Female,52,Beauty,2,30,60,-20
702,27-07-2023,CUST702,Female,60,Clothing,2,300,600,20
703,26-03-2023,CUST703,Male,34,Electronics,2,50,100,-16.66666667
704,28-08-2023,CUST704,Female,62,Clothing,3,30,90,20
705,07-03-2023,CUST705,Male,60,Electronics,2,25,50,-97.5
706,15-11-2023,CUST706,Male,51,Electronics,4,25,100,-93.33333333
707,01-10-2023,CUST707,Female,26,Clothing,1,500,500,-44.44444444
708,14-01-2023,CUST708,Female,43,Beauty,3,300,900,50
709,21-07-2023,CUST709,Female,19,Electronics,2,500,1000,233.3333333
710,31-10-2023,CUST710,Female,26,Electronics,3,500,1500,1566.666667
711,16-10-2023,CUST711,Male,26,Electronics,3,500,1500,2400
712,06-12-2023,CUST712,Female,57,Beauty,2,25,50,-95
713,14-01-2023,CUST713,Male,34,Beauty,3,25,75,0
714,12-02-2023,CUST714,Female,18,Clothing,1,500,500,-50
715,26-11-2023,CUST715,Female,42,Beauty,4,25,100,100
716,08-08-2023,CUST716,Female,60,Clothing,4,300,1200,4700
717,11-03-2023,CUST717,Male,57,Clothing,1,500,500,1900
718,25-08-2023,CUST718,Female,59,Beauty,3,25,75,0
719,04-04-2023,CUST719,Female,42,Clothing,2,30,60,0
720,26-01-2023,CUST720,Female,56,Beauty,3,500,1500,1150
721,14-05-2023,CUST721,Female,52,Clothing,1,500,500,733.3333333
722,14-07-2023,CUST722,Male,20,Beauty,3,300,900,900
723,17-06-2023,CUST723,Female,54,Beauty,4,50,200,566.6666667
724,19-04-2023,CUST724,Male,61,Clothing,3,50,150,100
725,21-08-2023,CUST725,Male,61,Electronics,1,300,300,233.3333333
726,17-06-2023,CUST726,Male,47,Clothing,4,300,1200,2300
727,22-06-2023,CUST727,Male,55,Beauty,3,300,900,1100
728,14-07-2023,CUST728,Male,51,Electronics,3,50,150,-83.33333333
729,23-05-2023,CUST729,Male,29,Clothing,4,300,1200,3900
730,04-08-2023,CUST730,Female,36,Clothing,2,25,50,100
731,10-05-2023,CUST731,Male,54,Clothing,4,500,2000,900
732,11-02-2023,CUST732,Male,61,Electronics,2,500,1000,900
733,29-08-2023,CUST733,Male,34,Beauty,1,30,30,-50
734,10-01-2023,CUST734,Female,27,Clothing,1,30,30,-85
735,04-10-2023,CUST735,Female,64,Clothing,4,500,2000,233.3333333
736,27-01-2023,CUST736,Male,29,Clothing,4,25,100,33.33333333
737,29-06-2023,CUST737,Female,33,Clothing,1,50,50,-83.33333333
738,25-04-2023,CUST738,Male,41,Clothing,2,50,100,100
739,29-11-2023,CUST739,Male,36,Beauty,1,25,25,-91.66666667
740,05-02-2023,CUST740,Female,25,Beauty,4,50,200,-83.33333333
741,30-11-2023,CUST741,Male,48,Clothing,1,300,300,400
742,21-01-2023,CUST742,Female,38,Electronics,4,500,2000,3233.333333
743,16-01-2023,CUST743,Female,34,Beauty,4,500,2000,3233.333333
744,07-05-2023,CUST744,Male,40,Electronics,1,25,25,-79.16666667
745,13-04-2023,CUST745,Male,54,Beauty,2,50,100,-50
746,11-01-2023,CUST746,Female,33,Clothing,3,30,90,-55
747,15-11-2023,CUST747,Male,23,Beauty,1,30,30,-40
748,20-03-2023,CUST748,Male,25,Clothing,3,50,150,-83.33333333
749,03-05-2023,CUST749,Male,42,Beauty,1,30,30,0
750,06-03-2023,CUST750,Female,35,Clothing,3,25,75,-62.5
751,31-08-2023,CUST751,Female,42,Clothing,2,25,50,-16.66666667
752,09-12-2023,CUST752,Male,29,Clothing,2,50,100,0
753,28-02-2023,CUST753,Female,32,Clothing,1,30,30,-40
754,16-10-2023,CUST754,Female,43,Electronics,4,25,100,-91.66666667
755,22-04-2023,CUST755,Female,58,Clothing,3,25,75,-25
756,27-08-2023,CUST756,Female,62,Electronics,4,300,1200,700
757,25-12-2023,CUST757,Female,43,Electronics,4,300,1200,2300
758,12-05-2023,CUST758,Male,64,Clothing,4,25,100,233.3333333
759,08-07-2023,CUST759,Male,49,Electronics,2,50,100,-95
760,27-03-2023,CUST760,Male,27,Beauty,1,500,500,-58.33333333
761,07-11-2023,CUST761,Female,33,Clothing,1,500,500,-44.44444444
762,07-11-2023,CUST762,Female,24,Electronics,2,25,50,-90
763,28-02-2023,CUST763,Male,34,Clothing,2,25,50,-97.5
764,25-03-2023,CUST764,Female,40,Clothing,1,25,25,-75
765,09-06-2023,CUST765,Male,43,Clothing,4,50,200,66.66666667
766,25-02-2023,CUST766,Male,38,Electronics,3,300,900,-40
767,24-10-2023,CUST767,Male,39,Beauty,3,25,75,-96.25
768,14-01-2023,CUST768,Female,24,Beauty,3,25,75,-91.66666667
769,09-06-2023,CUST769,Female,31,Electronics,4,30,120,-90
770,22-10-2023,CUST770,Male,32,Clothing,1,50,50,-95
771,13-12-2023,CUST771,Male,24,Electronics,2,25,50,0
772,12-07-2023,CUST772,Male,26,Electronics,1,30,30,-70
773,23-07-2023,CUST773,Male,25,Electronics,4,500,2000,3900
774,12-04-2023,CUST774,Female,40,Clothing,2,25,50,0
775,08-02-2023,CUST775,Female,46,Electronics,4,25,100,33.33333333
776,31-10-2023,CUST776,Male,35,Clothing,3,30,90,-55
777,20-12-2023,CUST777,Male,48,Electronics,3,50,150,50
778,18-11-2023,CUST778,Female,47,Beauty,4,25,100,-90
779,05-05-2023,CUST779,Female,56,Electronics,2,500,1000,1900
780,22-02-2023,CUST780,Male,52,Electronics,2,25,50,-33.33333333
781,23-12-2023,CUST781,Male,35,Beauty,1,500,500,1900
782,04-06-2023,CUST782,Male,59,Clothing,3,300,900,1700
783,17-12-2023,CUST783,Female,56,Clothing,1,300,300,900
784,04-11-2023,CUST784,Female,34,Electronics,1,500,500,-58.33333333
785,03-03-2023,CUST785,Female,31,Beauty,4,50,200,300
786,17-10-2023,CUST786,Male,48,Clothing,4,25,100,33.33333333
787,22-01-2023,CUST787,Male,41,Electronics,1,25,25,-16.66666667
788,27-06-2023,CUST788,Female,52,Beauty,3,300,900,0
789,30-09-2023,CUST789,Female,61,Clothing,4,500,2000,1233.333333
790,08-08-2023,CUST790,Male,62,Clothing,1,25,25,-79.16666667
791,05-12-2023,CUST791,Female,51,Beauty,1,25,25,-87.5
792,09-07-2023,CUST792,Female,20,Beauty,1,50,50,-50
793,05-02-2023,CUST793,Male,54,Beauty,1,30,30,-40
794,17-09-2023,CUST794,Female,60,Beauty,1,300,300,100
795,28-11-2023,CUST795,Male,57,Electronics,1,300,300,233.3333333
796,24-06-2023,CUST796,Male,43,Beauty,4,30,120,-90
797,07-01-2023,CUST797,Male,40,Clothing,3,25,75,0
798,04-08-2023,CUST798,Male,61,Clothing,1,50,50,0
799,08-09-2023,CUST799,Male,56,Electronics,2,50,100,33.33333333
800,24-02-2023,CUST800,Male,32,Clothing,4,300,1200,-20
801,10-08-2023,CUST801,Male,21,Clothing,4,50,200,33.33333333
802,05-07-2023,CUST802,Female,46,Beauty,1,30,30,-85
803,22-11-2023,CUST803,Male,39,Clothing,4,25,100,0
804,24-08-2023,CUST804,Male,42,Electronics,1,30,30,-97.5
805,29-12-2023,CUST805,Female,30,Beauty,3,500,1500,150
806,20-03-2023,CUST806,Female,35,Beauty,3,300,900,1700
807,11-08-2023,CUST807,Female,50,Electronics,4,50,200,-66.66666667
808,01-04-2023,CUST808,Male,33,Beauty,4,500,2000,66.66666667
809,25-09-2023,CUST809,Female,62,Beauty,2,50,100,-66.66666667
810,30-11-2023,CUST810,Male,59,Electronics,4,25,100,-66.66666667
811,19-05-2023,CUST811,Male,61,Beauty,2,25,50,0
812,12-11-2023,CUST812,Male,19,Electronics,3,25,75,-16.66666667
813,03-10-2023,CUST813,Male,52,Electronics,3,50,150,25
814,05-09-2023,CUST814,Female,59,Clothing,1,500,500,1566.666667
815,27-08-2023,CUST815,Female,51,Clothing,3,25,75,-75
816,12-08-2023,CUST816,Male,47,Beauty,2,500,1000,900
817,31-10-2023,CUST817,Male,30,Beauty,4,50,200,166.6666667
818,18-05-2023,CUST818,Male,30,Electronics,1,500,500,-50
819,15-06-2023,CUST819,Female,35,Beauty,2,50,100,-16.66666667
820,06-05-2023,CUST820,Male,49,Electronics,4,50,200,100
821,14-02-2023,CUST821,Male,49,Electronics,1,300,300,200
822,23-05-2023,CUST822,Female,52,Beauty,3,50,150,-83.33333333
823,19-08-2023,CUST823,Female,56,Electronics,2,50,100,-93.33333333
824,05-05-2023,CUST824,Male,63,Clothing,4,30,120,-88
825,26-08-2023,CUST825,Female,46,Beauty,1,25,25,-97.22222222
826,19-10-2023,CUST826,Female,46,Clothing,1,300,300,0
827,09-11-2023,CUST827,Male,61,Beauty,3,300,900,-55
828,09-12-2023,CUST828,Female,33,Electronics,4,300,1200,140
829,14-07-2023,CUST829,Male,61,Beauty,3,30,90,-70
830,22-06-2023,CUST830,Female,64,Clothing,3,50,150,-83.33333333
831,15-01-2023,CUST831,Male,27,Electronics,4,25,100,-80
832,11-09-2023,CUST832,Male,47,Beauty,4,500,2000,900
833,16-06-2023,CUST833,Male,42,Beauty,4,50,200,100
834,04-04-2023,CUST834,Female,56,Beauty,2,30,60,-96
835,07-09-2023,CUST835,Male,37,Clothing,4,50,200,100
836,19-04-2023,CUST836,Female,22,Clothing,1,50,50,-50
837,01-07-2023,CUST837,Male,18,Beauty,3,30,90,-91
838,13-05-2023,CUST838,Male,47,Electronics,2,300,600,200
839,24-06-2023,CUST839,Female,20,Electronics,4,300,1200,-40
840,24-05-2023,CUST840,Male,62,Clothing,2,25,50,-94.44444444
841,02-11-2023,CUST841,Male,31,Electronics,4,25,100,100
842,26-12-2023,CUST842,Female,47,Clothing,2,300,600,1100
843,22-05-2023,CUST843,Male,21,Beauty,3,500,1500,200
844,12-10-2023,CUST844,Male,35,Clothing,3,50,150,-50
845,06-01-2023,CUST845,Male,54,Clothing,1,500,500,316.6666667
846,22-09-2023,CUST846,Male,42,Beauty,1,50,50,66.66666667
847,08-04-2023,CUST847,Female,18,Electronics,4,300,1200,900
848,13-02-2023,CUST848,Female,63,Clothing,3,25,75,-95
849,04-05-2023,CUST849,Male,32,Clothing,2,25,50,-44.44444444
850,28-07-2023,CUST850,Female,26,Beauty,2,500,1000,566.6666667
851,08-09-2023,CUST851,Male,32,Electronics,2,25,50,-94.44444444
852,12-10-2023,CUST852,Female,41,Clothing,1,300,300,1100
853,04-05-2023,CUST853,Male,21,Beauty,2,500,1000,1900
854,20-12-2023,CUST854,Male,29,Clothing,1,50,50,-94.44444444
855,01-09-2023,CUST855,Male,54,Beauty,1,25,25,-83.33333333
856,27-11-2023,CUST856,Male,54,Electronics,4,30,120,33.33333333
857,31-12-2023,CUST857,Male,60,Electronics,2,25,50,-96.66666667
858,09-09-2023,CUST858,Male,23,Electronics,2,50,100,100
859,18-08-2023,CUST859,Female,56,Electronics,3,500,1500,4900
860,09-01-2023,CUST860,Male,63,Clothing,4,50,200,700
861,17-02-2023,CUST861,Female,41,Clothing,3,30,90,-92.5
862,31-05-2023,CUST862,Male,28,Electronics,4,300,1200,33.33333333
863,24-04-2023,CUST863,Female,30,Electronics,2,25,50,-58.33333333
864,27-07-2023,CUST864,Female,51,Electronics,1,500,500,455.5555556
865,21-12-2023,CUST865,Female,42,Clothing,1,300,300,500
866,05-05-2023,CUST866,Male,24,Electronics,1,50,50,-83.33333333
867,06-06-2023,CUST867,Male,21,Electronics,1,500,500,150
868,06-12-2023,CUST868,Female,25,Electronics,1,300,300,1100
869,25-10-2023,CUST869,Male,37,Beauty,3,500,1500,5900
870,08-07-2023,CUST870,Female,46,Electronics,4,30,120,20
871,31-08-2023,CUST871,Male,62,Beauty,2,30,60,-97
872,11-10-2023,CUST872,Female,63,Beauty,3,25,75,-25
873,29-09-2023,CUST873,Female,27,Electronics,4,25,100,-95
874,26-06-2023,CUST874,Male,60,Beauty,1,30,30,-96.66666667
875,06-08-2023,CUST875,Female,51,Electronics,4,500,2000,100
876,09-10-2023,CUST876,Male,43,Clothing,4,30,120,380
877,19-06-2023,CUST877,Female,58,Clothing,1,25,25,-97.91666667
878,30-06-2023,CUST878,Female,20,Clothing,1,30,30,-70
879,26-12-2023,CUST879,Male,23,Clothing,1,30,30,-70
880,21-08-2023,CUST880,Male,22,Beauty,2,500,1000,1900
881,19-05-2023,CUST881,Male,22,Electronics,1,300,300,-70
882,06-06-2023,CUST882,Female,64,Electronics,2,25,50,-95.83333333
883,09-05-2023,CUST883,Male,40,Electronics,1,500,500,-75
884,29-04-2023,CUST884,Female,26,Clothing,2,30,60,-94
885,03-03-2023,CUST885,Female,52,Clothing,4,30,120,20
886,09-04-2023,CUST886,Male,37,Electronics,3,300,900,350
887,11-06-2023,CUST887,Male,59,Clothing,4,25,100,-88.88888889
888,03-03-2023,CUST888,Female,52,Electronics,4,25,100,-66.66666667
889,02-10-2023,CUST889,Female,35,Electronics,1,50,50,-33.33333333
890,20-12-2023,CUST890,Male,34,Electronics,2,25,50,-75
891,05-04-2023,CUST891,Male,41,Electronics,3,300,900,1400
892,09-04-2023,CUST892,Male,20,Electronics,1,50,50,-16.66666667
893,21-04-2023,CUST893,Male,49,Electronics,1,50,50,-58.33333333
894,05-09-2023,CUST894,Male,52,Electronics,1,30,30,-97
895,22-05-2023,CUST895,Female,55,Clothing,4,30,120,-92
896,29-10-2023,CUST896,Female,30,Electronics,2,25,50,-16.66666667
897,26-09-2023,CUST897,Female,64,Electronics,2,50,100,11.11111111
898,02-11-2023,CUST898,Female,42,Clothing,3,30,90,20
899,25-05-2023,CUST899,Male,26,Clothing,2,300,600,-40
900,21-02-2023,CUST900,Male,21,Clothing,2,30,60,-40
901,10-04-2023,CUST901,Male,31,Electronics,1,30,30,0
902,01-06-2023,CUST902,Female,54,Beauty,1,50,50,0
903,27-04-2023,CUST903,Female,51,Beauty,4,50,200,233.3333333
904,04-07-2023,CUST904,Male,28,Clothing,1,500,500,150
905,02-04-2023,CUST905,Male,58,Beauty,1,300,300,-85
906,04-06-2023,CUST906,Female,20,Clothing,1,50,50,-94.44444444
907,08-01-2023,CUST907,Female,45,Electronics,1,25,25,-95.83333333
908,29-12-2023,CUST908,Male,46,Beauty,4,300,1200,2300
909,01-10-2023,CUST909,Male,26,Electronics,1,300,300,-85
910,06-03-2023,CUST910,Female,20,Beauty,3,50,150,-25
911,21-05-2023,CUST911,Male,42,Electronics,3,300,900,50
912,24-01-2023,CUST912,Male,51,Beauty,3,50,150,-92.5
913,28-01-2023,CUST913,Male,29,Electronics,3,30,90,200
914,11-10-2023,CUST914,Female,59,Electronics,1,500,500,66.66666667
915,30-05-2023,CUST915,Female,26,Beauty,3,30,90,80
916,24-12-2023,CUST916,Female,32,Electronics,1,50,50,-66.66666667
917,06-03-2023,CUST917,Female,57,Electronics,4,50,200,-33.33333333
918,23-11-2023,CUST918,Female,42,Electronics,3,30,90,-70
919,09-09-2023,CUST919,Female,22,Beauty,2,25,50,-50
920,22-02-2023,CUST920,Female,28,Beauty,3,25,75,-75
921,07-01-2023,CUST921,Male,51,Electronics,3,25,75,-85
922,21-10-2023,CUST922,Male,41,Electronics,1,50,50,0
923,26-05-2023,CUST923,Male,32,Beauty,3,300,900,50
924,29-08-2023,CUST924,Male,55,Beauty,2,50,100,-95
925,03-09-2023,CUST925,Male,25,Electronics,1,300,300,-75
926,14-08-2023,CUST926,Male,22,Electronics,1,30,30,-94
927,24-06-2023,CUST927,Male,43,Electronics,4,500,2000,1566.666667
928,05-04-2023,CUST928,Female,35,Clothing,4,300,1200,33.33333333
929,27-01-2023,CUST929,Female,23,Beauty,3,25,75,-91.66666667
930,10-05-2023,CUST930,Male,54,Clothing,4,50,200,233.3333333
931,02-09-2023,CUST931,Male,30,Beauty,4,30,120,380
932,28-02-2023,CUST932,Female,45,Beauty,4,25,100,233.3333333
933,03-02-2023,CUST933,Male,22,Beauty,1,30,30,20
934,25-07-2023,CUST934,Male,30,Beauty,1,500,500,-50
935,09-09-2023,CUST935,Female,34,Beauty,1,50,50,-50
936,07-02-2023,CUST936,Male,57,Beauty,4,50,200,100
937,23-10-2023,CUST937,Female,62,Beauty,1,500,500,233.3333333
938,19-11-2023,CUST938,Male,49,Clothing,4,50,200,100
939,18-12-2023,CUST939,Female,46,Electronics,1,300,300,-66.66666667
940,28-01-2023,CUST940,Female,20,Electronics,1,30,30,-96.66666667
941,19-03-2023,CUST941,Female,57,Clothing,2,25,50,66.66666667
942,18-03-2023,CUST942,Male,51,Clothing,3,500,1500,1150
943,16-10-2023,CUST943,Female,57,Clothing,4,300,1200,0
944,05-06-2023,CUST944,Male,44,Clothing,2,25,50,0
945,13-02-2023,CUST945,Male,30,Beauty,1,25,25,-95
946,08-05-2023,CUST946,Male,62,Electronics,4,500,2000,33.33333333
947,02-03-2023,CUST947,Male,50,Beauty,1,300,300,0
948,13-10-2023,CUST948,Female,23,Electronics,3,25,75,-92.5
949,02-08-2023,CUST949,Female,41,Electronics,2,25,50,-90
950,07-11-2023,CUST950,Male,36,Clothing,3,300,900,1400
951,02-11-2023,CUST951,Male,33,Beauty,2,50,100,11.11111111
952,13-11-2023,CUST952,Female,57,Clothing,1,25,25,-83.33333333
953,26-04-2023,CUST953,Male,45,Beauty,3,30,90,-25
954,25-09-2023,CUST954,Female,50,Electronics,3,300,900,800
955,14-07-2023,CUST955,Male,58,Clothing,1,25,25,-83.33333333
956,19-08-2023,CUST956,Male,30,Clothing,3,500,1500,0
957,15-08-2023,CUST957,Female,60,Electronics,4,30,120,380
958,02-06-2023,CUST958,Male,62,Electronics,2,25,50,-16.66666667
959,29-10-2023,CUST959,Female,42,Electronics,2,30,60,-93.33333333
960,08-08-2023,CUST960,Male,59,Clothing,2,30,60,-95
961,06-06-2023,CUST961,Male,53,Beauty,4,50,200,300
962,19-10-2023,CUST962,Male,44,Clothing,2,30,60,-95
963,14-11-2023,CUST963,Female,55,Beauty,1,50,50,66.66666667
964,31-01-2023,CUST964,Male,24,Clothing,3,300,900,350
965,09-11-2023,CUST965,Male,22,Clothing,4,50,200,-77.77777778
966,20-02-2023,CUST966,Male,60,Electronics,2,500,1000,-50
967,17-04-2023,CUST967,Male,62,Beauty,1,25,25,-91.66666667
968,17-11-2023,CUST968,Female,48,Clothing,3,300,900,650
969,19-04-2023,CUST969,Female,40,Clothing,3,300,900,1700
970,16-05-2023,CUST970,Male,59,Electronics,4,500,2000,0
971,05-12-2023,CUST971,Female,27,Electronics,4,50,200,-90
972,11-02-2023,CUST972,Male,49,Beauty,4,25,100,-90
973,22-03-2023,CUST973,Male,60,Clothing,1,50,50,-96.66666667
974,03-05-2023,CUST974,Male,47,Beauty,1,30,30,-60
975,30-03-2023,CUST975,Female,56,Clothing,4,50,200,-60
976,10-10-2023,CUST976,Female,48,Beauty,2,300,600,1100
977,08-02-2023,CUST977,Female,35,Electronics,3,25,75,-62.5
978,22-03-2023,CUST978,Female,53,Clothing,3,50,150,50
979,02-01-2023,CUST979,Female,19,Beauty,1,25,25,-72.22222222
980,29-07-2023,CUST980,Female,31,Electronics,3,25,75,-91.66666667
981,19-08-2023,CUST981,Female,30,Electronics,2,30,60,-40
982,19-12-2023,CUST982,Female,46,Beauty,3,30,90,-85
983,01-11-2023,CUST983,Female,29,Clothing,1,300,300,-80
984,29-08-2023,CUST984,Male,56,Clothing,1,500,500,400
985,30-05-2023,CUST985,Female,19,Electronics,2,25,50,-95.83333333
986,17-01-2023,CUST986,Female,49,Clothing,2,500,1000,100
987,29-04-2023,CUST987,Female,30,Clothing,3,300,900,3500
988,28-05-2023,CUST988,Female,63,Clothing,3,25,75,50
989,28-12-2023,CUST989,Female,44,Electronics,1,25,25,-95.83333333
990,25-05-2023,CUST990,Female,58,Beauty,2,500,1000,1900
991,26-12-2023,CUST991,Female,34,Clothing,2,50,100,-88.88888889
992,21-08-2023,CUST992,Female,57,Electronics,2,30,60,-80
993,06-02-2023,CUST993,Female,48,Electronics,3,50,150,-50
994,18-12-2023,CUST994,Female,51,Beauty,2,500,1000,1900
995,30-04-2023,CUST995,Female,41,Clothing,1,30,30,-60
996,16-05-2023,CUST996,Male,62,Clothing,1,50,50,66.66666667
997,17-11-2023,CUST997,Male,52,Beauty,3,30,90,-94
998,29-10-2023,CUST998,Female,23,Beauty,4,25,100,100
999,05-12-2023,CUST999,Female,36,Electronics,3,50,150,50
1000,12-04-2023,CUST1000,Male,47,Electronics,4,30,120,-88
